series,prefix_dots,letter,braille_dots,word,is_phrase
whole-word,,ا,1,اسين,no
whole-word,,ب,12,به,no
whole-word,,ٻ,26,ٻه,no
whole-word,,ڀ,23,ڀلو,no
whole-word,,ت,2345,توهان,no
whole-word,,ٿ,1256,ٿو,no
whole-word,,ٽ,246,ٽي,no
whole-word,,ٺ,135,ٺيڪ,no
whole-word,,ث,1456,ثبوت,no
whole-word,,پ,1234,پر,no
whole-word,,ج,245,جو,no
whole-word,,ڄ,356,ڄاڻ,no
whole-word,,چ,14,چيو,no
whole-word,,ڇ,16,ڇو,no
whole-word,,ح,156,حاصل,no
whole-word,,خ,1346,خالي,no
whole-word,,د,145,دوست,no
whole-word,,ڌ,1236,ڌيان,no
whole-word,,ڏ,34,ڏس,no
whole-word,,ڊ,346,ڊاڪٽر,no
whole-word,,ڍ,256,ڍڪ,no
whole-word,,ذ,2346,ذڪر,no
whole-word,,ر,1235,رحمت,no
whole-word,,ز,1356,زمين,no
whole-word,,س,234,سرڪار,no
whole-word,,ش,146,شايد,no
whole-word,,ص,12346,صرف,no
whole-word,,ض,1246,ضايع,no
whole-word,,ط,23456,طرح,no
whole-word,,ظ,123456,ظلم,no
whole-word,,غ,126,غلط,no
whole-word,,ف,124,فرض,no
whole-word,,ڦ,235,ڦل,no
whole-word,,ق,12345,قدرت,no
whole-word,,ڪ,13,ڪافي,no
whole-word,,گ,1245,گرمي,no
whole-word,,گ,1245,گرم,no
whole-word,,ڳ,13456,ڳوٺ,no
whole-word,,ل,123,لاءِ,no
whole-word,,م,134,۾,no
whole-word,,ن,1345,نه,no
whole-word,,ڻ,3456,ماڻھو,no
whole-word,,و,2456,ويهه,no
whole-word,,هه,125-125,ها,no
whole-word,,ي,24,ياد,no
dot5,5,آ,5-345,آهي,no
dot5,5,ا,5-1,اوهان,no
dot5,5,ب,5-12,بيهن,no
dot5,5,ٻ,5-26,ٻاهر,no
dot5,5,ڀ,5-23,ڀلائي,no
dot5,5,ت,5-2345,تنهن,no
dot5,5,ٿ,5-1256,ٿين,no
dot5,5,ٽ,5-246,ٽارين,no
dot5,5,ٺ,5-135,ٺاهين,no
dot5,5,ث,5-1456,ثواب,no
dot5,5,پ,5-1234,پنهن,no
dot5,5,ج,5-245,جيتر,no
dot5,5,ڄ,5-356,ڄاڻي,no
dot5,5,چ,5-14,چيائين,no
dot5,5,ڇ,5-16,ڇڏين,no
dot5,5,ح,5-156,حيران,no
dot5,5,خ,5-1346,خوش,no
dot5,5,د,5-145,دشمن,no
dot5,5,ڌ,5-1236,ڌوئن,no
dot5,5,ڏ,5-34,ڏيکار,no
dot5,5,ڊ,5-346,ڊوڙن,no
dot5,5,ذ,5-2346,ذميوار,no
dot5,5,ر,5-1235,راند,no
dot5,5,ز,5-1356,زور,no
dot5,5,س,5-234,سيکار,no
dot5,5,ش,5-146,شهر,no
dot5,5,ص,5-12346,صاحب,no
dot5,5,ض,5-1246,ضرور,no
dot5,5,ط,5-23456,طرف,no
dot5,5,ظ,5-123456,ظاهر,no
dot5,5,ع,5-12356,عام,no
dot5,5,غ,5-126,غلطي,no
dot5,5,ف,5-124,فرق,no
dot5,5,ق,5-12345,قريب,no
dot5,5,ڪ,5-13,ڪنهن,no
dot5,5,گ,5-1245,گند,no
dot5,5,ڳ,5-13456,ڳالھ,no
dot5,5,ل,5-123,لڳن,no
dot5,5,م,5-134,منھن,no
dot5,5,ن,5-1345,نديون,no
dot5,5,ڻ,5-3456,وڻن,no
dot5,5,و,5-2456,وين,no
dot5,5,هه,5-125-125,هلن,no
dot5,5,ي,5-24,يقين,no
dot456,456,آ,456-345,آڻين,no
dot456,456,ا,456-1,اختيار,no
dot456,456,ب,456-12,بندوبست,no
dot456,456,ڀ,456-23,ڀائين,no
dot456,456,ت,456-2345,تڪليف,no
dot456,456,ٿ,456-1256,ٿڪاوٽ,no
dot456,456,ٽ,456-246,ٽڪر,no
dot456,456,ٺ,456-135,ٺهراءُ,no
dot456,456,پ,456-1234,پيار,no
dot456,456,ج,456-245,جنهن,no
dot456,456,ڄ,456-356,ڄمار,no
dot456,456,چ,456-14,چون,no
dot456,456,ڇ,456-16,ڇڏي,no
dot456,456,ح,456-156,حاضر,no
dot456,456,خ,456-1346,خراب,no
dot456,456,د,456-145,دعوت,no
dot456,456,ڌ,456-1236,ڌرتي,no
dot456,456,ڏ,456-34,ڏسن,no
dot456,456,ڊ,456-346,ڊيڄار,no
dot456,456,ڍ,456-256,ڍنگ,no
dot456,456,ذ,456-2346,ذخيرو,no
dot456,456,ر,456-1235,روشن,no
dot456,456,ز,456-1356,زمان,no
dot456,456,س,456-234,سينگار,no
dot456,456,ش,456-146,شروع,no
dot456,456,ص,456-12346,صورت,no
dot456,456,ض,456-1246,ضمانت,no
dot456,456,ط,456-23456,طالب,no
dot456,456,ع,456-12356,عبادت,no
dot456,456,غ,456-126,غمگين,no
dot456,456,ف,456-124,فرمان,no
dot456,456,ڦ,456-235,ڦيرائين,no
dot456,456,ق,456-12345,قابل,no
dot456,456,ڪ,456-13,ڪماءِ,no
dot456,456,گ,456-1245,گنجائش,no
dot456,456,ڳ,456-13456,ڳجهه,no
dot456,456,م,456-134,منجهه,no
dot456,456,ن,456-1345,نهايت,no
dot456,456,ڻ,456-3456,اڳواڻ,no
dot456,456,و,456-2456,ويڪر,no
dot456,456,هه,456-125-125,همدرد,no
dot456,456,ي,456-24,يادگار,no
dot3456,3456,آ,3456-345,آواز,no
dot3456,3456,ت,3456-2345,تندرست,no
dot3456,3456,ٿ,3456-1256,ٿڙڪن,no
dot3456,3456,ٽ,3456-246,ٽڙن,no
dot3456,3456,ٺ,3456-135,ٺڪرائن,no
dot3456,3456,پ,3456-1234,پالڻهار,no
dot3456,3456,ڇ,3456-16,ڇڏائين,no
dot3456,3456,ح,3456-156,حفاظت,no
dot3456,3456,خ,3456-1346,خوشحال,no
dot3456,3456,ڌ,3456-1236,ڌڪار,no
dot3456,3456,ڏ,3456-34,ڏکوئين,no
dot3456,3456,ر,3456-1235,ريجائين,no
dot3456,3456,ز,3456-1356,زيارت,no
dot3456,3456,س,3456-234,سدائين,no
dot3456,3456,ش,3456-146,شاهوڪار,no
dot3456,3456,ص,3456-12346,صحتمند,no
dot3456,3456,ص,3456-12346,صحتمندي,no
dot3456,3456,ض,3456-1246,ضعيف,no
dot3456,3456,ط,3456-23456,طاقتور,no
dot3456,3456,ع,3456-12356,عاليشان,no
dot3456,3456,غ,3456-126,غلاضت,no
dot3456,3456,ق,3456-12345,قرارداد,no
dot3456,3456,ڪ,3456-13,ڪاروبار,no
dot3456,3456,ڳ,3456-13456,ڳولهه,no
dot3456,3456,ل,3456-123,لڳاتار,no
dot3456,3456,م,3456-134,مختلف,no
dot3456,3456,ن,3456-1345,نمونا,no
dot3456,3456,و,3456-2456,واپس,no
dot6,6,ب,6-12,بحرحال,no
dot6,6,ت,6-2345,تيئن ته,yes
dot6,6,پ,6-1234,پوءِ ته,yes
dot6,6,ج,6-245,جيتوڻيڪ,no
dot6,6,چ,6-14,چئبو ته,yes
dot6,6,ڇ,6-16,ڇاڪاڻ ته,yes
dot6,6,ح,6-156,حالانڪه,no
dot6,6,ف,6-124,فرمايو ته,yes
dot6,6,م,6-134,مطلب ته,yes
dot45,45,آ,45-345,آهستي,no
dot45,45,ڀ,45-23,ڀرسان,no
dot45,45,ت,45-2345,تيئن,no
dot45,45,ٿ,45-1256,ٿيون,no
dot45,45,ڇ,45-16,ڇاڪاڻ,no
dot45,45,ح,45-156,حرڪت,no
dot45,45,خ,45-1346,خيال,no
dot45,45,س,45-234,سندس,no
dot45,45,ش,45-146,شاندار,no
dot45,45,ص,45-12346,صحت,no
dot45,45,ض,45-1246,ضامن,no
dot45,45,ط,45-23456,طريق,no
dot45,45,ع,45-12356,علاوه,no
dot45,45,ڦ,45-235,ڦيرگھير,no
dot45,45,ق,45-12345,قائد,no
dot45,45,گ,45-1245,گڏيل,no
dot45,45,ڳ,45-13456,ڳالھ ٻولھ,yes
dot45,45,م,45-134,معلوم,no
dot45,45,و,45-2456,واقع,no
abbrev,,الت,1-123-2345,البته,no
abbrev,,اتف,1-2345-124,اتفاق,no
abbrev,,امڪ,1-134-13,امڪان,no
abbrev,,امڪي,1-134-13-24,امڪاني,no
abbrev,,اط,1-23456,ان طرح,yes
abbrev,,اطف,1-23456-124,ان طرف,yes
abbrev,,ڏطف,34-23456-124,ڏکڻ طرف,yes
abbrev,,اکپ,1-13-236-1234,ان کان پوءِ,yes
abbrev,,اکس,1-13-236-234,ان کان سواءِ,yes
abbrev,,اکع,1-13-236-12356,ان کان علاوه,yes
abbrev,,کع,13-236-12356,کان علاوه,yes
abbrev,,اڀطف,1-23-23456-124,اوڀر طرف,yes
abbrev,,اوطف,1-2456-23456-124,اولهه طرف,yes
abbrev,,اق,1-12345,اتر قطب,yes
abbrev,,ڏق,34-12345,ڏکڻ قطب,yes
abbrev,,بب,12-12,برابر,no
abbrev,,بع,12-12356,بعد,no
abbrev,,بث,12-1456,باعث,no
abbrev,,پپ,1234-1234,پنهنجو پاڻ,yes
abbrev,,پط,1234-23456,پنهنجي طرف,yes
abbrev,,جط,245-23456,جهڙي طرح,yes
abbrev,,جط,245-23456,جنهن طرف,yes
abbrev,,جق,245-12345,جنهن قدر,yes
abbrev,,جم,245-134,جملو,no
abbrev,,جم,245-134,جملي,no
abbrev,,ڇک,16-13-236,ڇاکي,no
abbrev,,خخ,1346-1346,خواه مخواه,yes
abbrev,,ڏهڏ,34-125-34,ڏينهون ڏينهن,yes
abbrev,,ڪطف,13-23456-124,ڪنهن طرف,yes
abbrev,,ڪق,13-12345,ڪيتري قدر,yes
abbrev,,لح,123-156,لحاظ,no
abbrev,,مب,134-12,مناسب,no
abbrev,,مبت,134-12-2345,مناسبت,no
abbrev,,مرت,134-1235-2345,مرتبو,no
abbrev,,مرت,134-1235-2345,مرتبا,no
abbrev,,مط,134-23456,مطابق,no
abbrev,,مطت,134-23456-2345,مطابقت,no
abbrev,,معم,134-12356-134,معمولي,no
abbrev,,معمت,134-12356-134-2345,معمولات,no
abbrev,,مع,134-12356,معنيٰ,no
abbrev,,مو,134-2456,ماهوار,no
abbrev,,هد,125-145,هڪ دفعي,yes
abbrev,,هڀ,125-23,هڪ ڀيري,yes
abbrev,,ههه,125-125-125,هميشه,no
abbrev,,هڏهه,125-34-125-125,هيڏانهن هوڏانهن,yes
abbrev,,هط,125-23456,هن طرف,yes
abbrev,,هڪٻ,125-13-26,هڪ ٻئي,yes
abbrev,,يل,24-123,يلگار,no
abbrev,,يع,24-12356,يعني,no
abbrev,,يد,24-145,يڪدم,no
